{
    "intra_line": {
        "rhs_with_font_size": {
            "count": 8855,
            "mean": 13.200056716710497,
            "std": 14.920105665265629,
            "min": 0.07775160770042233,
            "25%": 1.0313194629748585,
            "50%": 3.1902652374197884,
            "75%": 27.5,
            "max": 63.5
        },
        "vertical_baseline_jitter": {
            "count": 8855,
            "mean": -0.06454357020696666,
            "std": 0.9112337627767049,
            "min": -16.65198573039426,
            "25%": -0.2311460859165354,
            "50%": -0.0058950926617496536,
            "75%": 0.17278641231722774,
            "max": 19.911636524747465
        },
        "intra_line_font_size_cv": {
            "count": 216,
            "mean": 0.2110541535664832,
            "std": 0.17164369428808388,
            "min": 0.029836166614199768,
            "25%": 0.09749865103765204,
            "50%": 0.1260562951981985,
            "75%": 0.30337206195865235,
            "max": 0.8177153708093008
        },
        "local_writing_angle_rad": {
            "count": 8855,
            "mean": -0.14329653199898026,
            "std": 2.046569235926776,
            "min": -3.1413304616713127,
            "25%": -1.8448189696290807,
            "50%": -0.018777135592433374,
            "75%": 0.9732411252810329,
            "max": 3.141592653589793
        },
        "binned_rhs_by_font_size": [
            {
                "font_size_bin_start": 2.0,
                "font_size_bin_end": 9.6875,
                "font_size_bin_center": 5.84375,
                "stats": {
                    "count": 1182,
                    "mean": 1.526660331182903,
                    "std": 0.5024560003524222,
                    "min": 0.07775160770042233,
                    "25%": 1.2540182959905144,
                    "50%": 1.4459501839093791,
                    "75%": 1.6694622004936388,
                    "max": 4.939827725658415
                }
            },
            {
                "font_size_bin_start": 9.6875,
                "font_size_bin_end": 17.375,
                "font_size_bin_center": 13.53125,
                "stats": {
                    "count": 2148,
                    "mean": 1.6408178951045649,
                    "std": 0.5038705088449801,
                    "min": 0.20815878104225952,
                    "25%": 1.2290171695810346,
                    "50%": 1.7913759596019487,
                    "75%": 2.0123031521408383,
                    "max": 4.280354554369427
                }
            },
            {
                "font_size_bin_start": 17.375,
                "font_size_bin_end": 25.0625,
                "font_size_bin_center": 21.21875,
                "stats": {
                    "count": 853,
                    "mean": 1.178283831675218,
                    "std": 0.3096542304782628,
                    "min": 0.18315806576443375,
                    "25%": 0.9516074239634763,
                    "50%": 1.197544258054786,
                    "75%": 1.3783124645739804,
                    "max": 2.0338708700528105
                }
            },
            {
                "font_size_bin_start": 25.0625,
                "font_size_bin_end": 32.75,
                "font_size_bin_center": 28.90625,
                "stats": {
                    "count": 1257,
                    "mean": 0.9564550844772273,
                    "std": 0.222537670151109,
                    "min": 0.23632108718859846,
                    "25%": 0.8184938750799545,
                    "50%": 0.9333309907429682,
                    "75%": 1.1249587152918588,
                    "max": 1.8806053224353345
                }
            },
            {
                "font_size_bin_start": 32.75,
                "font_size_bin_end": 40.4375,
                "font_size_bin_center": 36.59375,
                "stats": {
                    "count": 2636,
                    "mean": 0.8243238684405713,
                    "std": 0.19233490480053858,
                    "min": 0.13598769727749557,
                    "25%": 0.6924186929111582,
                    "50%": 0.7809986970892786,
                    "75%": 0.970029314237434,
                    "max": 2.3861814769242353
                }
            },
            {
                "font_size_bin_start": 40.4375,
                "font_size_bin_end": 48.125,
                "font_size_bin_center": 44.28125,
                "stats": {
                    "count": 638,
                    "mean": 0.6299571770716378,
                    "std": 0.12331436228672575,
                    "min": 0.1721785792077405,
                    "25%": 0.5720043312316901,
                    "50%": 0.6275480937564275,
                    "75%": 0.6995809327054002,
                    "max": 1.2459963378566332
                }
            },
            {
                "font_size_bin_start": 48.125,
                "font_size_bin_end": 55.8125,
                "font_size_bin_center": 51.96875,
                "stats": {
                    "count": 124,
                    "mean": 0.5198832355336546,
                    "std": 0.13975171971328543,
                    "min": 0.13331496472112173,
                    "25%": 0.4782684637551351,
                    "50%": 0.5367747272873088,
                    "75%": 0.6128357274871963,
                    "max": 0.9069244893511014
                }
            },
            {
                "font_size_bin_start": 55.8125,
                "font_size_bin_end": 63.5,
                "font_size_bin_center": 59.65625,
                "stats": {
                    "count": 17,
                    "mean": 0.4340609297685976,
                    "std": 0.17096861340019948,
                    "min": 0.12787537129032928,
                    "25%": 0.3804140634806723,
                    "50%": 0.4190652225728484,
                    "75%": 0.5275187200469752,
                    "max": 0.8164276465672846
                }
            }
        ]
    },
    "inter_line": {
        "relative_vertical_spacing": {
            "count": 8390,
            "mean": 1.3059056238221007,
            "std": 1.5086430053203204,
            "min": 0.0,
            "25%": 0.8199999999999977,
            "50%": 1.0974999999999966,
            "75%": 1.5413333333333328,
            "max": 54.25999999999996
        },
        "line_alignment_left_normalized": {
            "count": 216,
            "mean": 0.34001412087036487,
            "std": 0.21813116647030684,
            "min": 0.013702917771883288,
            "25%": 0.19151275474956822,
            "50%": 0.2654499640028798,
            "75%": 0.5329911392405062,
            "max": 0.8519732297063903
        },
        "line_alignment_right_normalized": {
            "count": 216,
            "mean": 0.7505418631374086,
            "std": 0.13287812744732305,
            "min": 0.23095568606513614,
            "25%": 0.7164401304098205,
            "50%": 0.766225236708185,
            "75%": 0.8252348017325319,
            "max": 0.9887651154268964
        },
        "line_alignment_center_normalized": {
            "count": 216,
            "mean": 0.5452779920038867,
            "std": 0.13787768150488394,
            "min": 0.20413507741591033,
            "25%": 0.46184338739402725,
            "50%": 0.5149715838732902,
            "75%": 0.6479848101265824,
            "max": 0.9103297911322829
        }
    },
    "page_level": {
        "aspect_ratio": {
            "count": 12,
            "mean": 2.0553409126543927,
            "std": 0.42200760701545675,
            "min": 1.5390304026294166,
            "25%": 1.7189350635312406,
            "50%": 2.0167307581931926,
            "75%": 2.281433328221867,
            "max": 2.8939554612937433
        },
        "character_density": {
            "count": 12,
            "mean": 0.0007809925437785109,