{
    "intra_line": {
        "rhs_with_font_size": {
            "count": 20889,
            "mean": 5.817431999219683,
            "std": 6.812155050639563,
            "min": 0.06745060776254376,
            "25%": 1.0432874418198885,
            "50%": 2.0,
            "75%": 9.5,
            "max": 46.0
        },
        "vertical_baseline_jitter": {
            "count": 20889,
            "mean": -0.1409720169372872,
            "std": 1.1030741478637405,
            "min": -20.53695155106757,
            "25%": -0.25902467650797956,
            "50%": -0.008645800001467417,
            "75%": 0.18735311520318154,
            "max": 12.761900515414133
        },
        "intra_line_font_size_cv": {
            "count": 452,
            "mean": 0.2195817865689195,
            "std": 0.18550991977817127,
            "min": 0.029836166614199768,
            "25%": 0.09295278299512191,
            "50%": 0.14947411324839144,
            "75%": 0.2931051469233743,
            "max": 0.934304696200989
        },
        "local_writing_angle_rad": {
            "count": 20889,
            "mean": 0.10833538285919786,
            "std": 2.0531036896899164,
            "min": -3.1410745189211347,
            "25%": -1.2036224929766781,
            "50%": -0.016197287490762557,
            "75%": 2.151420287022716,
            "max": 3.141592653589793
        },
        "binned_rhs_by_font_size": [
            {
                "font_size_bin_start": 1.0,
                "font_size_bin_end": 6.625,
                "font_size_bin_center": 3.8125,
                "stats": {
                    "count": 7308,
                    "mean": 1.2431255500297618,
                    "std": 0.5448902988954812,
                    "min": 0.142214626533264,
                    "25%": 0.8750944373519397,
                    "50%": 1.139490182563284,
                    "75%": 1.51380315761336,
                    "max": 16.05181055900613
                }
            },
            {
                "font_size_bin_start": 6.625,
                "font_size_bin_end": 12.25,
                "font_size_bin_center": 9.4375,
                "stats": {
                    "count": 6722,
                    "mean": 1.1231727710511037,
                    "std": 0.38959811640250613,
                    "min": 0.06745060776254376,
                    "25%": 0.8553041934220248,
                    "50%": 1.0110400840368912,
                    "75%": 1.3899022304766475,
                    "max": 4.939827725658415
                }
            },
            {
                "font_size_bin_start": 12.25,
                "font_size_bin_end": 17.875,
                "font_size_bin_center": 15.0625,
                "stats": {
                    "count": 4141,
                    "mean": 1.334807784001586,
                    "std": 0.5016689492663519,
                    "min": 0.25266452065931255,
                    "25%": 0.8948170762787123,
                    "50%": 1.2135683581900119,
                    "75%": 1.8140004900158584,
                    "max": 4.280354554369427
                }
            },
            {
                "font_size_bin_start": 17.875,
                "font_size_bin_end": 23.5,
                "font_size_bin_center": 20.6875,
                "stats": {
                    "count": 1507,
                    "mean": 1.0570372476859196,
                    "std": 0.274505673391794,
                    "min": 0.3687631588817355,
                    "25%": 0.8435805467084836,
                    "50%": 1.0487191011354864,
                    "75%": 1.2526135487369279,
                    "max": 2.196137176954113
                }
            },
            {
                "font_size_bin_start": 23.5,
                "font_size_bin_end": 29.125,
                "font_size_bin_center": 26.3125,
                "stats": {
                    "count": 798,
                    "mean": 0.9859468750877591,
                    "std": 0.21057157266238397,
                    "min": 0.1850592844888069,
                    "25%": 0.8432670413995306,
                    "50%": 0.9950882002428632,
                    "75%": 1.1270435342418308,
                    "max": 1.6167409051448196
                }
            },
            {
                "font_size_bin_start": 29.125,
                "font_size_bin_end": 34.75,
                "font_size_bin_center": 31.9375,
                "stats": {
                    "count": 275,
                    "mean": 0.7563122256393058,
                    "std": 0.14741038817455274,
                    "min": 0.28461727789500907,
                    "25%": 0.6868060651786708,
                    "50%": 0.760644460284134,
                    "75%": 0.8304821626410784,
                    "max": 1.6361583888353843
                }
            },
            {
                "font_size_bin_start": 34.75,
                "font_size_bin_end": 40.375,
                "font_size_bin_center": 37.5625,
                "stats": {
                    "count": 113,
                    "mean": 0.6795538683028024,
                    "std": 0.14920233454668833,
                    "min": 0.1893038262723289,
                    "25%": 0.6065958053853591,
                    "50%": 0.667088238509974,
                    "75%": 0.7528846294792575,
                    "max": 1.3878921423386736
                }
            },
            {
                "font_size_bin_start": 40.375,
                "font_size_bin_end": 46.0,
                "font_size_bin_center": 43.1875,
                "stats": {
                    "count": 25,
                    "mean": 0.5995982189822644,
                    "std": 0.14873167095970832,
                    "min": 0.3590716614033703,
                    "25%": 0.5652111888138721,
                    "50%": 0.5753233188399689,
                    "75%": 0.6156383992427384,
                    "max": 1.067510525828983
                }
            }
        ]
    },
    "inter_line": {
        "relative_vertical_spacing": {
            "count": 19800,
            "mean": 1.5813662828315287,
            "std": 1.3319340102541881,
            "min": 0.0,
            "25%": 0.9951388888888921,
            "50%": 1.4093750000000025,
            "75%": 1.9075694444444433,
            "max": 37.04000000000002
        },
        "line_alignment_left_normalized": {
            "count": 452,
            "mean": 0.410629722709644,
            "std": 0.25044860761153154,
            "min": 0.003075442648190916,
            "25%": 0.1945496382093692,
            "50%": 0.4673289124668435,
            "75%": 0.6007130082458325,
            "max": 0.9155696689761356
        },
        "line_alignment_right_normalized": {
            "count": 452,
            "mean": 0.6301995617831573,
            "std": 0.23277358549651606,
            "min": 0.1022900466562986,
            "25%": 0.4369802973163899,
            "50%": 0.7308125371577061,
            "75%": 0.7893453186821342,
            "max": 0.9880742705570291
        },
        "line_alignment_center_normalized": {
            "count": 452,
            "mean": 0.5204146422464008,
            "std": 0.2302233754399366,
            "min": 0.06606337480559875,
            "25%": 0.30563534851898017,
            "50%": 0.6060853209835226,
            "75%": 0.6997158394830953,
            "max": 0.9262577760497668
        }
    },
    "page_level": {
        "aspect_ratio": {
            "count": 12,
            "mean": 2.0553409126543927,
            "std": 0.42200760701545675,
            "min": 1.5390304026294166,
            "25%": 1.7189350635312406,
            "50%": 2.0167307581931926,
            "75%": 2.281433328221867,
            "max": 2.8939554612937433
        },
        "character_density": {
            "count": 12,
            "mean": 0.0011891815435893071,
            "std": 0.0005966050041449508,