{
    "intra_line": {
        "rhs_with_font_size": {
            "count": 22346,
            "mean": 13.22583138187468,
            "std": 14.909990376828206,
            "min": 0.0794645345100442,
            "25%": 0.9895269806700768,
            "50%": 3.0,
            "75%": 27.0,
            "max": 84.0
        },
        "vertical_baseline_jitter": {
            "count": 22346,
            "mean": -0.07160690074468722,
            "std": 1.719544034438106,
            "min": -52.32178482973166,
            "25%": -0.2036191062540695,
            "50%": -0.0055585405265832725,
            "75%": 0.15133934630774803,
            "max": 88.89969361397029
        },
        "intra_line_font_size_cv": {
            "count": 539,
            "mean": 0.2111644910882656,
            "std": 0.19328548379770952,
            "min": 0.0,
            "25%": 0.05927634546468766,
            "50%": 0.14478495270951983,
            "75%": 0.32148644187911407,
            "max": 0.8895204748140283
        },
        "local_writing_angle_rad": {
            "count": 22346,
            "mean": -0.036038714429576874,
            "std": 2.031806921074788,
            "min": -3.1413096080270155,
            "25%": -1.6784047769271306,
            "50%": -0.0169971799980713,
            "75%": 1.4473992517664387,
            "max": 3.141592653589793
        },
        "binned_rhs_by_font_size": [
            {
                "font_size_bin_start": 1.0,
                "font_size_bin_end": 11.375,
                "font_size_bin_center": 6.1875,
                "stats": {
                    "count": 3435,
                    "mean": 1.5275082634599348,
                    "std": 0.9670278835562245,
                    "min": 0.17393414391588877,
                    "25%": 1.0694049719207341,
                    "50%": 1.344743841778054,
                    "75%": 1.6491660250762625,
                    "max": 16.89000296033117
                }
            },
            {
                "font_size_bin_start": 11.375,
                "font_size_bin_end": 21.75,
                "font_size_bin_center": 16.5625,
                "stats": {
                    "count": 6494,
                    "mean": 1.5955684592991544,
                    "std": 0.5137242002918261,
                    "min": 0.18291382067566758,
                    "25%": 1.136212495282773,
                    "50%": 1.7383003159982633,
                    "75%": 1.9999341291344812,
                    "max": 4.451495374011119
                }
            },
            {
                "font_size_bin_start": 21.75,
                "font_size_bin_end": 32.125,
                "font_size_bin_center": 26.9375,
                "stats": {
                    "count": 2784,
                    "mean": 1.0290168551336512,
                    "std": 0.2566252720521802,
                    "min": 0.2722979827436292,
                    "25%": 0.8640437231735197,
                    "50%": 1.0247272534082204,
                    "75%": 1.1797525009300411,
                    "max": 2.388006738155166
                }
            },
            {
                "font_size_bin_start": 32.125,
                "font_size_bin_end": 42.5,
                "font_size_bin_center": 37.3125,
                "stats": {
                    "count": 8520,
                    "mean": 0.8343445899054336,
                    "std": 0.16807444790356307,
                    "min": 0.0794645345100442,
                    "25%": 0.7249981389360818,
                    "50%": 0.8352305319797958,
                    "75%": 0.9497520497338422,
                    "max": 2.43639845321726
                }
            },
            {
                "font_size_bin_start": 42.5,
                "font_size_bin_end": 52.875,
                "font_size_bin_center": 47.6875,
                "stats": {
                    "count": 1002,
                    "mean": 0.6851643625095956,
                    "std": 0.14561196172718519,
                    "min": 0.18692505087379335,
                    "25%": 0.6003226062341327,
                    "50%": 0.6895190655061749,
                    "75%": 0.7745751011256801,
                    "max": 1.7659833825603295
                }
            },
            {
                "font_size_bin_start": 52.875,
                "font_size_bin_end": 63.25,
                "font_size_bin_center": 58.0625,
                "stats": {
                    "count": 87,
                    "mean": 0.5926539178390082,
                    "std": 0.11300870441107547,
                    "min": 0.27190761678576686,
                    "25%": 0.5308974855747581,
                    "50%": 0.6222804968827,
                    "75%": 0.6562607650315875,
                    "max": 0.9014503894345808
                }
            },
            {
                "font_size_bin_start": 63.25,
                "font_size_bin_end": 73.625,
                "font_size_bin_center": 68.4375,
                "stats": {
                    "count": 22,
                    "mean": 0.5183560028566178,
                    "std": 0.14573158757548307,
                    "min": 0.2850823629488736,
                    "25%": 0.4286949493374492,
                    "50%": 0.5204986740468202,
                    "75%": 0.6187825370846685,
                    "max": 0.9442537173979437
                }
            },
            {
                "font_size_bin_start": 73.625,
                "font_size_bin_end": 84.0,
                "font_size_bin_center": 78.8125,
                "stats": {
                    "count": 2,
                    "mean": 0.4227071169135219,
                    "std": 0.0,
                    "min": 0.4227071169135219,
                    "25%": 0.4227071169135219,
                    "50%": 0.4227071169135219,
                    "75%": 0.4227071169135219,
                    "max": 0.4227071169135219
                }
            }
        ]
    },
    "inter_line": {
        "relative_vertical_spacing": {
            "count": 20945,
            "mean": 1.4006023649799257,
            "std": 2.127892760222824,
            "min": 0.0,
            "25%": 0.8227272727272729,
            "50%": 1.1738888888888885,
            "75%": 1.612285714285716,
            "max": 70.8599999999999
        },
        "line_alignment_left_normalized": {
            "count": 539,
            "mean": 0.35070894368794264,
            "std": 0.21608376352272846,
            "min": 0.0036923076923076922,
            "25%": 0.18784077892325315,
            "50%": 0.2777650429799427,
            "75%": 0.5267696202531645,
            "max": 0.9683213920163766
        },
        "line_alignment_right_normalized": {
            "count": 539,
            "mean": 0.744397581321798,
            "std": 0.1672117982607344,
            "min": 0.07124474990454371,
            "25%": 0.7146276527751403,
            "50%": 0.7705367088607594,
            "75%": 0.8400287922985881,
            "max": 0.9946622313203685
        },
        "line_alignment_center_normalized": {
            "count": 539,
            "mean": 0.5475532625048704,
            "std": 0.14909479569468287,
            "min": 0.03783696067201222,
            "25%": 0.4646058592002942,
            "50%": 0.5677993779160186,
            "75%": 0.6431986779184248,
            "max": 0.9814918116683726
        }
    },
    "page_level": {
        "aspect_ratio": {
            "count": 29,
            "mean": 2.075216040668809,
            "std": 0.4258780553081978,
            "min": 1.5390304026294166,
            "25%": 1.7598784194528876,
            "50%": 1.9534522885958108,
            "75%": 2.2670157068062826,
            "max": 2.8980477223427332
        },
        "character_density": {
            "count": 29,
            "mean": 0.0006174765719556957,
            "std": 0.00019550536522190343,
            "min": 0.00024066223857308384,