{
    "intra_line": {
        "rhs_with_font_size": {
            "count": 12561,
            "mean": 15.494255348548343,
            "std": 15.559571093179509,
            "min": 0.18393537512458547,
            "25%": 1.130489676974122,
            "50%": 5.73264037115534,
            "75%": 32.5,
            "max": 64.5
        },
        "vertical_baseline_jitter": {
            "count": 12561,
            "mean": 0.002303464062922575,
            "std": 0.796578506603448,
            "min": -28.984581130162148,
            "25%": -0.12436962426594132,
            "50%": -0.002539129827433374,
            "75%": 0.1132882308669461,
            "max": 28.920254923874694
        },
        "intra_line_font_size_cv": {
            "count": 390,
            "mean": 0.17390394225157732,
            "std": 0.1502711265698947,
            "min": 0.0,
            "25%": 0.03842800513184486,
            "50%": 0.11746173598462993,
            "75%": 0.27301477004359964,
            "max": 0.8069496119348554
        },
        "local_writing_angle_rad": {
            "count": 12561,
            "mean": 0.09633037117485335,
            "std": 2.0437792619504744,
            "min": -3.1413545583561975,
            "25%": -1.5792738236654167,
            "50%": -0.0013721176899424057,
            "75%": 1.5825931424727628,
            "max": 3.141592653589793
        },
        "binned_rhs_by_font_size": [
            {
                "font_size_bin_start": 2.0,
                "font_size_bin_end": 9.8125,
                "font_size_bin_center": 5.90625,
                "stats": {
                    "count": 130,
                    "mean": 4.229143239280403,
                    "std": 1.9984107582773951,
                    "min": 2.7531840041422613,
                    "25%": 3.13612990855356,
                    "50%": 3.5392128164775976,
                    "75%": 4.3202757499098565,
                    "max": 14.872630063307506
                }
            },
            {
                "font_size_bin_start": 9.8125,
                "font_size_bin_end": 17.625,
                "font_size_bin_center": 13.71875,
                "stats": {
                    "count": 2303,
                    "mean": 2.046175877829388,
                    "std": 0.30006143547988157,
                    "min": 1.44969176174855,
                    "25%": 1.892762505185181,
                    "50%": 1.9956561716777612,
                    "75%": 2.105668403828015,
                    "max": 5.100866050693759
                }
            },
            {
                "font_size_bin_start": 17.625,
                "font_size_bin_end": 25.4375,
                "font_size_bin_center": 21.53125,
                "stats": {
                    "count": 694,
                    "mean": 1.475001888469715,
                    "std": 0.2826791738218031,
                    "min": 0.8605695735651634,
                    "25%": 1.2859425181554616,
                    "50%": 1.4474944674318373,
                    "75%": 1.630204043154072,
                    "max": 2.585219144423034
                }
            },
            {
                "font_size_bin_start": 25.4375,
                "font_size_bin_end": 33.25,
                "font_size_bin_center": 29.34375,
                "stats": {
                    "count": 4327,
                    "mean": 1.1281694276530003,
                    "std": 0.2676869549122989,
                    "min": 0.18393537512458547,
                    "25%": 0.9508197944109003,
                    "50%": 1.0902963695570982,
                    "75%": 1.2852089593024842,
                    "max": 3.454705927284332
                }
            },
            {
                "font_size_bin_start": 33.25,
                "font_size_bin_end": 41.0625,
                "font_size_bin_center": 37.15625,
                "stats": {
                    "count": 4437,
                    "mean": 1.01789576988307,
                    "std": 0.21693476066099515,
                    "min": 0.19153314103756025,
                    "25%": 0.8673961050675895,
                    "50%": 1.0164573751849446,
                    "75%": 1.1631866251810172,
                    "max": 2.365047129313797
                }
            },
            {
                "font_size_bin_start": 41.0625,
                "font_size_bin_end": 48.875,
                "font_size_bin_center": 44.96875,
                "stats": {
                    "count": 591,
                    "mean": 0.7960144210828413,
                    "std": 0.20881029999543718,
                    "min": 0.27178292945621396,
                    "25%": 0.6528253860383393,
                    "50%": 0.7824102322438061,
                    "75%": 0.9629472993809381,
                    "max": 1.4857397689022747
                }
            },
            {
                "font_size_bin_start": 48.875,
                "font_size_bin_end": 56.6875,
                "font_size_bin_center": 52.78125,
                "stats": {
                    "count": 70,
                    "mean": 0.6322153612514894,
                    "std": 0.1709546732537034,
                    "min": 0.32815814844324176,
                    "25%": 0.4892205419430223,
                    "50%": 0.6081369688290269,
                    "75%": 0.7419532302027746,
                    "max": 1.1401941164872884
                }
            },
            {
                "font_size_bin_start": 56.6875,
                "font_size_bin_end": 64.5,
                "font_size_bin_center": 60.59375,
                "stats": {
                    "count": 9,
                    "mean": 0.5786272569733558,
                    "std": 0.11266157849863727,
                    "min": 0.4519407548537082,
                    "25%": 0.4847741178148961,
                    "50%": 0.5592300500718024,
                    "75%": 0.5607903003786808,
                    "max": 0.7771467254857396
                }
            }
        ]
    },
    "inter_line": {
        "relative_vertical_spacing": {
            "count": 12561,
            "mean": 1.447548973294526,
            "std": 1.578219308624793,
            "min": 0.000294117647058765,
            "25%": 1.044571428571427,
            "50%": 1.3455882352941178,
            "75%": 1.6778571428571436,
            "max": 56.370000000000005
        },
        "line_alignment_left_normalized": {
            "count": 390,
            "mean": 0.31371244768800305,
            "std": 0.24418203994049298,
            "min": 0.005288973384030418,
            "25%": 0.09558876912434336,
            "50%": 0.2371676454885211,
            "75%": 0.5242446333068573,
            "max": 0.8673514077163712
        },
        "line_alignment_right_normalized": {
            "count": 390,
            "mean": 0.7340043998887339,
            "std": 0.1646525222912225,
            "min": 0.05541699761715647,
            "25%": 0.6543261054421768,
            "50%": 0.755941391941392,
            "75%": 0.8058682540080688,
            "max": 0.9994088888888889
        },
        "line_alignment_center_normalized": {
            "count": 390,
            "mean": 0.5238584237883684,
            "std": 0.16610411967897054,
            "min": 0.036854646544876885,
            "25%": 0.41305325255102043,
            "50%": 0.5092279880901744,
            "75%": 0.6536067545878504,
            "max": 0.8911331247827599
        }
    },
    "page_level": {
        "aspect_ratio": {
            "count": 23,
            "mean": 2.115629481925502,
            "std": 0.44505310828040223,
            "min": 1.5390304026294166,
            "25%": 1.776582993097916,
            "50%": 1.9534522885958108,
            "75%": 2.402125112583083,
            "max": 2.8980477223427332
        },
        "character_density": {
            "count": 23,
            "mean": 0.0005037219579820997,