{
    "intra_line": {
        "relative_horizontal_spacing": {
            "count": 14854,
            "mean": 1.1730476308956845,
            "std": 0.3847228584063307,
            "min": 0.10305536455355503,
            "25%": 0.8737298763280454,
            "50%": 1.1338540925121174,
            "75%": 1.394778549525365,
            "max": 4.910242039745992
        },
        "vertical_baseline_jitter": {
            "count": 14854,
            "mean": 0.14903796770180364,
            "std": 6.858964004047678,
            "min": -92.02815815243919,
            "25%": -0.33399998435939676,
            "50%": 0.007804315842105583,
            "75%": 0.39984717929570934,
            "max": 78.25451317582647
        },
        "intra_line_font_size_cv": {
            "count": 344,
            "mean": 0.060708048649619116,
            "std": 0.05899421763764364,
            "min": 0.0,
            "25%": 0.03225566712736157,
            "50%": 0.043331873433686656,
            "75%": 0.06683508670699238,
            "max": 0.3547605781463134
        },
        "local_writing_angle_rad": {
            "count": 14854,
            "mean": 0.049170053475672666,
            "std": 1.9651022506686369,
            "min": -3.141251821973816,
            "25%": -1.5672973873490337,
            "50%": -0.006269517175625545,
            "75%": 1.5827750582769033,
            "max": 3.141592653589793
        }
    },
    "inter_line": {
        "relative_vertical_spacing": {
            "count": 14071,
            "mean": 1.463933019860496,
            "std": 1.0117675721811712,
            "min": 0.0,
            "25%": 0.5003125000000033,
            "50%": 1.5639999999999987,
            "75%": 2.116742424242428,
            "max": 9.715000000000003
        },
        "line_alignment_left_normalized": {
            "count": 344,
            "mean": 0.384526643692124,
            "std": 0.2570602751410053,
            "min": 0.013861671469740634,
            "25%": 0.16396975233455136,
            "50%": 0.35838400528750824,
            "75%": 0.5572469917023475,
            "max": 0.9799835323178263
        },
        "line_alignment_right_normalized": {
            "count": 344,
            "mean": 0.663401519682358,
            "std": 0.19292581330907557,
            "min": 0.15667478684531058,
            "25%": 0.5427970546227024,
            "50%": 0.6838,
            "75%": 0.8028023793787178,
            "max": 0.9967723342939481
        },
        "line_alignment_center_normalized": {
            "count": 344,
            "mean": 0.523964081687241,
            "std": 0.21181830805377985,
            "min": 0.12124644742184328,
            "25%": 0.3439727052736983,
            "50%": 0.4830138797091871,
            "75%": 0.6699165365005966,
            "max": 0.9883779333058872
        }
    },
    "page_level": {
        "aspect_ratio": {
            "count": 12,
            "mean": 1.0655757069553866,
            "std": 0.3429314010819404,
            "min": 0.6675579322638147,
            "25%": 0.8001149694639322,
            "50%": 1.0212562826762306,
            "75%": 1.2071303359512247,
            "max": 1.7401055408970976
        },
        "character_density": {
            "count": 12,
            "mean": 0.0006973156619523695,
            "std": 0.00024283082647287083,
            "min": 0.00022866115858900086,
            "25%": 0.0004996816352810499,
            "50%": 0.0007518504612383748,
            "75%": 0.0008498529644712387,
            "max": 0.0010650093519279978
        },
        "ink_density": {
            "count": 12,
            "mean": 0.125059209172422,
            "std": 0.03181194523141454,
            "min": 0.07989774667624605,
            "25%": 0.10207873526727365,
            "50%": 0.12332255530985858,
            "75%": 0.14242918223268383,
            "max": 0.19270282915476827
        }
    },
    "graph_based": {
        "heuristic_degree": {
            "count": 14854,
            "mean": 3.8575467887437727,
            "std": 0.7308697057567142,
            "min": 0,
            "25%": 4.0,
            "50%": 4.0,
            "75%": 4.0,
            "max": 7
        },
        "overlap": {
            "count": 16064,
            "mean": 1.7834910358565736,
            "std": 0.411865065997308,
            "min": 1,
            "25%": 2.0,
            "50%": 2.0,
            "75%": 2.0,
            "max": 2
        }
    },
    "metadata": {
        "num_pages_processed": 12
    }
}