{
    "intra_line": {
        "rhs_with_font_size": {
            "count": 19974,
            "mean": 6.1616657800752215,
            "std": 7.5403251705250645,
            "min": 0.06000306083407982,
            "25%": 1.0505878130569253,
            "50%": 2.0,
            "75%": 10.0,
            "max": 78.0
        },
        "vertical_baseline_jitter": {
            "count": 19974,
            "mean": -0.3107135441924095,
            "std": 5.246686640218834,
            "min": -136.4110692211617,
            "25%": -0.2625277726536036,
            "50%": 6.112919496104041e-05,
            "75%": 0.2636474339260553,
            "max": 73.99877982269004
        },
        "intra_line_font_size_cv": {
            "count": 435,
            "mean": 0.24194455966260703,
            "std": 0.19662076575514062,
            "min": 0.026578756057684748,
            "25%": 0.10142836189915802,
            "50%": 0.16420971086388478,
            "75%": 0.33442986057609136,
            "max": 0.9623336157334392
        },
        "local_writing_angle_rad": {
            "count": 19974,
            "mean": 0.019682061212962492,
            "std": 2.0151702649888086,
            "min": -3.1410142846548625,
            "25%": -1.5062102667423498,
            "50%": -0.01601310893060033,
            "75%": 1.6455960541461503,
            "max": 3.141592653589793
        },
        "binned_rhs_by_font_size": [
            {
                "font_size_bin_start": 1.0,
                "font_size_bin_end": 10.625,
                "font_size_bin_center": 5.8125,
                "stats": {
                    "count": 11234,
                    "mean": 1.1915562967032336,
                    "std": 0.8226385739860418,
                    "min": 0.1746424919657207,
                    "25%": 0.8682695434023107,
                    "50%": 1.0767292410640956,
                    "75%": 1.3759780995629063,
                    "max": 35.76786406818276
                }
            },
            {
                "font_size_bin_start": 10.625,
                "font_size_bin_end": 20.25,
                "font_size_bin_center": 15.4375,
                "stats": {
                    "count": 6387,
                    "mean": 1.27508391566157,
                    "std": 0.4618767040141746,
                    "min": 0.06000306083407982,
                    "25%": 0.9215119627658983,
                    "50%": 1.208519417996032,
                    "75%": 1.5409773522021584,
                    "max": 4.280354554369427
                }
            },
            {
                "font_size_bin_start": 20.25,
                "font_size_bin_end": 29.875,
                "font_size_bin_center": 25.0625,
                "stats": {
                    "count": 1761,
                    "mean": 0.9523580162415801,
                    "std": 0.2246711002738332,
                    "min": 0.17750682654306285,
                    "25%": 0.7836102611134664,
                    "50%": 0.9557110863412444,
                    "75%": 1.1105297912409013,
                    "max": 1.844038991580475
                }
            },
            {
                "font_size_bin_start": 29.875,
                "font_size_bin_end": 39.5,
                "font_size_bin_center": 34.6875,
                "stats": {
                    "count": 432,
                    "mean": 0.7577012718307827,
                    "std": 0.1764976013563851,
                    "min": 0.1888201032988509,
                    "25%": 0.6559518657725119,
                    "50%": 0.7481201159969313,
                    "75%": 0.839865232787274,
                    "max": 1.636104591795438
                }
            },
            {
                "font_size_bin_start": 39.5,
                "font_size_bin_end": 49.125,
                "font_size_bin_center": 44.3125,
                "stats": {
                    "count": 96,
                    "mean": 0.7058997272571338,
                    "std": 0.18449280645481592,
                    "min": 0.2996880795971187,
                    "25%": 0.6021280139235773,
                    "50%": 0.6740352197930914,
                    "75%": 0.821775076806039,
                    "max": 1.4542178861779473
                }
            },
            {
                "font_size_bin_start": 49.125,
                "font_size_bin_end": 58.75,
                "font_size_bin_center": 53.9375,
                "stats": {
                    "count": 33,
                    "mean": 0.6327185084215536,
                    "std": 0.15666714738896448,
                    "min": 0.2422193331269714,
                    "25%": 0.6194930199098511,
                    "50%": 0.6589497662255707,
                    "75%": 0.7178323888170929,
                    "max": 0.861909034454026
                }
            },
            {
                "font_size_bin_start": 58.75,
                "font_size_bin_end": 68.375,
                "font_size_bin_center": 63.5625,
                "stats": {
                    "count": 21,
                    "mean": 0.5085243692628085,
                    "std": 0.10920054038223853,
                    "min": 0.3252444288783025,
                    "25%": 0.43772807825903426,
                    "50%": 0.514961734801139,
                    "75%": 0.5876566441051673,
                    "max": 0.7071815375111828
                }
            },
            {
                "font_size_bin_start": 68.375,
                "font_size_bin_end": 78.0,
                "font_size_bin_center": 73.1875,
                "stats": {
                    "count": 10,
                    "mean": 0.4565663568933257,
                    "std": 0.10559482064042311,
                    "min": 0.28085753194555485,
                    "25%": 0.42279119759134753,
                    "50%": 0.4503764089220784,
                    "75%": 0.5626061040593673,
                    "max": 0.5776004052475623
                }
            }
        ]
    },
    "inter_line": {
        "relative_vertical_spacing": {
            "count": 18942,
            "mean": 1.5604760859062952,
            "std": 2.3820310560869484,
            "min": 0.0,
            "25%": 0.8549999999999984,
            "50%": 1.332499999999996,
            "75%": 1.8499999999999992,
            "max": 77.09000000000003
        },
        "line_alignment_left_normalized": {
            "count": 435,
            "mean": 0.3739718547698987,
            "std": 0.2450815163852905,
            "min": 0.00010466222645099905,
            "25%": 0.15282270606531884,
            "50%": 0.29297333333333336,
            "75%": 0.5817982115085536,
            "max": 0.915342571208622
        },
        "line_alignment_right_normalized": {
            "count": 435,
            "mean": 0.5893202770368141,
            "std": 0.27657214072340625,
            "min": 0.009559681697612732,
            "25%": 0.3783906565176023,
            "50%": 0.669267364414843,
            "75%": 0.8224571534096632,
            "max": 0.998997347480106
        },
        "line_alignment_center_normalized": {
            "count": 435,
            "mean": 0.48164606590335646,
            "std": 0.24848531182310074,
            "min": 0.004867374005305039,
            "25%": 0.2611978832295102,
            "50%": 0.47466936251189346,
            "75%": 0.7155564145191431,
            "max": 0.9203752886836029
        }
    },
    "page_level": {
        "aspect_ratio": {
            "count": 12,
            "mean": 2.0553409126543927,
            "std": 0.42200760701545675,
            "min": 1.5390304026294166,
            "25%": 1.7189350635312406,
            "50%": 2.0167307581931926,
            "75%": 2.281433328221867,
            "max": 2.8939554612937433
        },
        "character_density": {
            "count": 12,
            "mean": 0.0011025335674308254,
            "std": 0.00043276053388151774,