{
    "intra_line": {
        "rhs_with_font_size": {
            "count": 21746,
            "mean": 9.430075364510172,
            "std": 9.205118936582794,
            "min": 0.05908151149048817,
            "25%": 1.2573715104689165,
            "50%": 2.265119851646099,
            "75%": 18.0,
            "max": 39.5
        },
        "vertical_baseline_jitter": {
            "count": 21746,
            "mean": -0.12004351169044873,
            "std": 1.0617811382964457,
            "min": -15.956133202135058,
            "25%": -0.18362834264639197,
            "50%": 5.808916025068549e-05,
            "75%": 0.16812201768269647,
            "max": 6.0224688107289985
        },
        "intra_line_font_size_cv": {
            "count": 753,
            "mean": 0.1228524356334174,
            "std": 0.13017603313299284,
            "min": 0.0,
            "25%": 0.043127760433477644,
            "50%": 0.08114575227622063,
            "75%": 0.13471246421591015,
            "max": 0.7582407646979115
        },
        "local_writing_angle_rad": {
            "count": 21746,
            "mean": 0.021971696910682424,
            "std": 2.020764798926401,
            "min": -3.141347194586376,
            "25%": -1.5407835465946338,
            "50%": -0.0017874238196861068,
            "75%": 1.5978037038384776,
            "max": 3.141592653589793
        },
        "binned_rhs_by_font_size": [
            {
                "font_size_bin_start": 1.0,
                "font_size_bin_end": 5.8125,
                "font_size_bin_center": 3.40625,
                "stats": {
                    "count": 1487,
                    "mean": 1.6569837797798077,
                    "std": 0.4723861698196281,
                    "min": 0.5649047312351855,
                    "25%": 1.3057994949064913,
                    "50%": 1.631203543399789,
                    "75%": 1.9473679609433416,
                    "max": 5.488204791799882
                }
            },
            {
                "font_size_bin_start": 5.8125,
                "font_size_bin_end": 10.625,
                "font_size_bin_center": 8.21875,
                "stats": {
                    "count": 1364,
                    "mean": 1.5814849045605712,
                    "std": 0.38130178409772364,
                    "min": 0.05908151149048817,
                    "25%": 1.3191095481422401,
                    "50%": 1.548587097970272,
                    "75%": 1.8446217397832214,
                    "max": 4.732854747665517
                }
            },
            {
                "font_size_bin_start": 10.625,
                "font_size_bin_end": 15.4375,
                "font_size_bin_center": 13.03125,
                "stats": {
                    "count": 3384,
                    "mean": 1.4078862736285693,
                    "std": 0.30710914001266404,
                    "min": 0.4411218022773729,
                    "25%": 1.209284098411099,
                    "50%": 1.3899197541861552,
                    "75%": 1.5870725935478627,
                    "max": 3.87943171095974
                }
            },
            {
                "font_size_bin_start": 15.4375,
                "font_size_bin_end": 20.25,
                "font_size_bin_center": 17.84375,
                "stats": {
                    "count": 8001,
                    "mean": 1.216207858667022,
                    "std": 0.2640801632105922,
                    "min": 0.19719064129385225,
                    "25%": 1.0498863781234131,
                    "50%": 1.1770344753871953,
                    "75%": 1.3706889102355284,
                    "max": 4.133908809503251
                }
            },
            {
                "font_size_bin_start": 20.25,
                "font_size_bin_end": 25.0625,
                "font_size_bin_center": 22.65625,
                "stats": {
                    "count": 5784,
                    "mean": 1.2876307421119775,
                    "std": 0.2659142202639328,
                    "min": 0.08355714541361127,
                    "25%": 1.0986352591813429,
                    "50%": 1.263034960526912,
                    "75%": 1.4489625048569688,
                    "max": 4.112270659296231
                }
            },
            {
                "font_size_bin_start": 25.0625,
                "font_size_bin_end": 29.875,
                "font_size_bin_center": 27.46875,
                "stats": {
                    "count": 1551,
                    "mean": 1.1593434281945199,
                    "std": 0.2984180865386312,
                    "min": 0.3777291224420352,
                    "25%": 0.9815930684054148,
                    "50%": 1.086317063896914,
                    "75%": 1.2366960737689259,
                    "max": 4.127527466946502
                }
            },
            {
                "font_size_bin_start": 29.875,
                "font_size_bin_end": 34.6875,
                "font_size_bin_center": 32.28125,
                "stats": {
                    "count": 155,
                    "mean": 1.0322064879599302,
                    "std": 0.1609218515795721,
                    "min": 0.5711321882677702,
                    "25%": 0.9524747636465315,
                    "50%": 1.0178147615793747,
                    "75%": 1.1034071816828308,
                    "max": 1.5691678435157377
                }
            },
            {
                "font_size_bin_start": 34.6875,
                "font_size_bin_end": 39.5,
                "font_size_bin_center": 37.09375,
                "stats": {
                    "count": 20,
                    "mean": 0.9400680315065095,
                    "std": 0.25272995656974984,
                    "min": 0.6009048958675163,
                    "25%": 0.8574983072512605,
                    "50%": 0.8704790683169481,
                    "75%": 0.9249587776378421,
                    "max": 1.8391362662918107
                }
            }
        ]
    },
    "inter_line": {
        "relative_vertical_spacing": {
            "count": 21411,
            "mean": 1.954800133584239,
            "std": 1.557994322682615,
            "min": 0.0,
            "25%": 0.9552557544757042,
            "50%": 1.851999999999998,
            "75%": 2.6322842261904755,
            "max": 29.582
        },
        "line_alignment_left_normalized": {
            "count": 753,
            "mean": 0.40885336717317544,
            "std": 0.27691045265129144,
            "min": 0.0010218978102189782,
            "25%": 0.1497874149659864,
            "50%": 0.3948696558915537,
            "75%": 0.6630952380952381,
            "max": 0.9743685073810825
        },
        "line_alignment_right_normalized": {
            "count": 753,
            "mean": 0.6326114456652427,
            "std": 0.26135169608870956,
            "min": 0.021549071618037135,
            "25%": 0.3891096423017107,
            "50%": 0.6742168099331423,
            "75%": 0.8744479745830024,
            "max": 0.9945489891135303
        },
        "line_alignment_center_normalized": {
            "count": 753,
            "mean": 0.5207324064192091,
            "std": 0.2542268193633725,
            "min": 0.015724713242961416,
            "25%": 0.2646919770773639,
            "50%": 0.5282072243346008,
            "75%": 0.7613733333333333,
            "max": 0.9752460360852925
        }
    },
    "page_level": {
        "aspect_ratio": {
            "count": 20,
            "mean": 2.1276455165283568,
            "std": 0.416548597365033,
            "min": 1.5961049957662998,
            "25%": 1.833924172512536,
            "50%": 1.9389335021574372,
            "75%": 2.3634056525258513,
            "max": 2.9612244897959186
        },
        "character_density": {
            "count": 20,
            "mean": 0.00047980159298781285,
            "std": 0.00011761915497606287,