{
    "intra_line": {
        "rhs_with_font_size": {
            "count": 13847,
            "mean": 14.438615229226917,
            "std": 15.322289482524694,
            "min": 0.13575030514741313,
            "25%": 1.0558312248569686,
            "50%": 3.5,
            "75%": 31.0,
            "max": 85.0
        },
        "vertical_baseline_jitter": {
            "count": 13847,
            "mean": -0.06335651469436199,
            "std": 0.8639260810303752,
            "min": -28.203316027814004,
            "25%": -0.14325481278730612,
            "50%": -0.0007231473782153433,
            "75%": 0.1346406785635496,
            "max": 18.664405022764328
        },
        "intra_line_font_size_cv": {
            "count": 503,
            "mean": 0.21451972974381386,
            "std": 0.1745169125069016,
            "min": 0.0,
            "25%": 0.0646247068529939,
            "50%": 0.15634794730003193,
            "75%": 0.33836118984837465,
            "max": 0.8988765815190005
        },
        "local_writing_angle_rad": {
            "count": 13847,
            "mean": 0.31251272704255595,
            "std": 1.9815949825618644,
            "min": -3.141335054419809,
            "25%": -1.1597683338902929,
            "50%": -0.007733337802542612,
            "75%": 2.641072308467635,
            "max": 3.141592653589793
        },
        "binned_rhs_by_font_size": [
            {
                "font_size_bin_start": 1.5,
                "font_size_bin_end": 11.9375,
                "font_size_bin_center": 6.71875,
                "stats": {
                    "count": 1091,
                    "mean": 1.9994261774574156,
                    "std": 1.5151660768381034,
                    "min": 0.46200048100019075,
                    "25%": 1.207872613316469,
                    "50%": 1.510792616829237,
                    "75%": 2.465861276237666,
                    "max": 14.872630063307506
                }
            },
            {
                "font_size_bin_start": 11.9375,
                "font_size_bin_end": 22.375,
                "font_size_bin_center": 17.15625,
                "stats": {
                    "count": 3435,
                    "mean": 1.7623883037747212,
                    "std": 0.423520469494417,
                    "min": 0.15368879236287558,
                    "25%": 1.4849183633532632,
                    "50%": 1.8830457759653303,
                    "75%": 2.0313433427301746,
                    "max": 4.280354554369427
                }
            },
            {
                "font_size_bin_start": 22.375,
                "font_size_bin_end": 32.8125,
                "font_size_bin_center": 27.59375,
                "stats": {
                    "count": 3885,
                    "mean": 1.0879327217748627,
                    "std": 0.2438297630535473,
                    "min": 0.3977205953095088,
                    "25%": 0.9366624389040529,
                    "50%": 1.0498832710413577,
                    "75%": 1.1975775606986339,
                    "max": 2.655655056802054
                }
            },
            {
                "font_size_bin_start": 32.8125,
                "font_size_bin_end": 43.25,
                "font_size_bin_center": 38.03125,
                "stats": {
                    "count": 4859,
                    "mean": 0.9242062594649035,
                    "std": 0.17952788895007016,
                    "min": 0.13575030514741313,
                    "25%": 0.8137213843674186,
                    "50%": 0.9153867688390179,
                    "75%": 1.0166019733221237,
                    "max": 2.0784575913844527
                }
            },
            {
                "font_size_bin_start": 43.25,
                "font_size_bin_end": 53.6875,
                "font_size_bin_center": 48.46875,
                "stats": {
                    "count": 459,
                    "mean": 0.7331925538603784,
                    "std": 0.15662254684111815,
                    "min": 0.21686734477821668,
                    "25%": 0.6467542670423809,
                    "50%": 0.7351537393009464,
                    "75%": 0.820271108450143,
                    "max": 1.3806954802033222
                }
            },
            {
                "font_size_bin_start": 53.6875,
                "font_size_bin_end": 64.125,
                "font_size_bin_center": 58.90625,
                "stats": {
                    "count": 86,
                    "mean": 0.5759708245967904,
                    "std": 0.12804224568803038,
                    "min": 0.2526397622896999,
                    "25%": 0.49440471134045794,
                    "50%": 0.5929491701119785,
                    "75%": 0.6596849421483817,
                    "max": 0.8953038174942821
                }
            },
            {
                "font_size_bin_start": 64.125,
                "font_size_bin_end": 74.5625,
                "font_size_bin_center": 69.34375,
                "stats": {
                    "count": 26,
                    "mean": 0.4366965246919593,
                    "std": 0.12567716660822784,
                    "min": 0.2262376606933243,
                    "25%": 0.32678433491097614,
                    "50%": 0.4266590611364682,
                    "75%": 0.5339690704747713,
                    "max": 0.6894823716589162
                }
            },
            {
                "font_size_bin_start": 74.5625,
                "font_size_bin_end": 85.0,
                "font_size_bin_center": 79.78125,
                "stats": {
                    "count": 6,
                    "mean": 0.34542558724620637,
                    "std": 0.14430483571823785,
                    "min": 0.1778539672954564,
                    "25%": 0.21547472727706152,
                    "50%": 0.3283370072218768,
                    "75%": 0.4796485922214336,
                    "max": 0.5300857872212859
                }
            }
        ]
    },
    "inter_line": {
        "relative_vertical_spacing": {
            "count": 13654,
            "mean": 1.5272647804351938,
            "std": 2.339295387814626,
            "min": 0.0,
            "25%": 0.9195372596153845,
            "50%": 1.3349999999999997,
            "75%": 1.708750000000002,
            "max": 87.25999999999999
        },
        "line_alignment_left_normalized": {
            "count": 503,
            "mean": 0.3868706926025629,
            "std": 0.24096431510891944,
            "min": 0.003262052877138414,
            "25%": 0.18881164965986397,
            "50%": 0.35751671442215854,
            "75%": 0.5596876414634846,
            "max": 0.9596734059097979
        },
        "line_alignment_right_normalized": {
            "count": 503,
            "mean": 0.6681042382443682,
            "std": 0.22118665958511038,
            "min": 0.03918631178707224,
            "25%": 0.5435671768707484,
            "50%": 0.741762252346194,
            "75%": 0.819003531221038,
            "max": 0.9801998299319727
        },
        "line_alignment_center_normalized": {
            "count": 503,
            "mean": 0.5274874654234656,
            "std": 0.2039005858168039,
            "min": 0.023421461897356145,
            "25%": 0.36206536587255167,
            "50%": 0.578098510882016,
            "75%": 0.6715133851468048,
            "max": 0.9675505443234836
        }
    },
    "page_level": {
        "aspect_ratio": {
            "count": 23,
            "mean": 2.115629481925502,
            "std": 0.44505310828040223,
            "min": 1.5390304026294166,
            "25%": 1.776582993097916,
            "50%": 1.9534522885958108,
            "75%": 2.402125112583083,
            "max": 2.8980477223427332
        },
        "character_density": {
            "count": 23,
            "mean": 0.0004559116940805845,
            "std": 0.00023544690191917335,