{
    "intra_line": {
        "rhs_with_font_size": {
            "count": 19828,
            "mean": 9.475164350111282,
            "std": 8.878355319514375,
            "min": 0.1452016079265131,
            "25%": 1.3920291954989767,
            "50%": 4.076829820661885,
            "75%": 17.5,
            "max": 33.453022451059766
        },
        "vertical_baseline_jitter": {
            "count": 19828,
            "mean": -7.876107039450607e-05,
            "std": 0.4454087423965099,
            "min": -8.190505459648357,
            "25%": -0.1560937159249854,
            "50%": -0.001707829763399876,
            "75%": 0.15726299066933694,
            "max": 5.734151540781362
        },
        "intra_line_font_size_cv": {
            "count": 771,
            "mean": 0.1050003979295981,
            "std": 0.06432937545758753,
            "min": 0.0,
            "25%": 0.0557055130029695,
            "50%": 0.09241626100163354,
            "75%": 0.1392582427786242,
            "max": 0.32442484382355924
        },
        "local_writing_angle_rad": {
            "count": 19828,
            "mean": -0.14046205494945047,
            "std": 2.0135854952054215,
            "min": -3.1413420270286236,
            "25%": -1.6360668284914592,
            "50%": 0.0015360274761613297,
            "75%": 1.5023211778920151,
            "max": 3.141592653589793
        },
        "binned_rhs_by_font_size": [
            {
                "font_size_bin_start": 1.5,
                "font_size_bin_end": 5.4375,
                "font_size_bin_center": 3.46875,
                "stats": {
                    "count": 1177,
                    "mean": 4.794848805116241,
                    "std": 4.859379035868765,
                    "min": 0.8748782772477426,
                    "25%": 2.1460870895465445,
                    "50%": 2.8266686320747567,
                    "75%": 4.6909380724968,
                    "max": 33.453022451059766
                }
            },
            {
                "font_size_bin_start": 5.4375,
                "font_size_bin_end": 9.375,
                "font_size_bin_center": 7.40625,
                "stats": {
                    "count": 1082,
                    "mean": 3.243857693146841,
                    "std": 2.30432241250121,
                    "min": 0.6302655012581211,
                    "25%": 1.6304460972677783,
                    "50%": 2.1516257400943464,
                    "75%": 4.07112123812634,
                    "max": 12.766249449231388
                }
            },
            {
                "font_size_bin_start": 9.375,
                "font_size_bin_end": 13.3125,
                "font_size_bin_center": 11.34375,
                "stats": {
                    "count": 1359,
                    "mean": 2.2057377524088806,
                    "std": 1.0920159818365207,
                    "min": 0.5436002055113361,
                    "25%": 1.3344642108069822,
                    "50%": 1.997842836661584,
                    "75%": 2.9012586104831506,
                    "max": 8.763258868708606
                }
            },
            {
                "font_size_bin_start": 13.3125,
                "font_size_bin_end": 17.25,
                "font_size_bin_center": 15.28125,
                "stats": {
                    "count": 5828,
                    "mean": 1.4066886048061449,
                    "std": 0.5585089099660924,
                    "min": 0.48388637174572746,
                    "25%": 1.0226720972770924,
                    "50%": 1.2031028257647036,
                    "75%": 1.7658652724660326,
                    "max": 5.480597025742123
                }
            },
            {
                "font_size_bin_start": 17.25,
                "font_size_bin_end": 21.1875,
                "font_size_bin_center": 19.21875,
                "stats": {
                    "count": 5664,
                    "mean": 1.4142854467665087,
                    "std": 0.4391545224796058,
                    "min": 0.22893001248697026,
                    "25%": 1.1019940465742213,
                    "50%": 1.3830736670400707,
                    "75%": 1.696049602636919,
                    "max": 4.401520079738996
                }
            },
            {
                "font_size_bin_start": 21.1875,
                "font_size_bin_end": 25.125,
                "font_size_bin_center": 23.15625,
                "stats": {
                    "count": 2997,
                    "mean": 1.4098617887659906,
                    "std": 0.30989664804060413,
                    "min": 0.1452016079265131,
                    "25%": 1.2081552257830006,
                    "50%": 1.4012259774925655,
                    "75%": 1.614996865641867,
                    "max": 3.9142348970951684
                }
            },
            {
                "font_size_bin_start": 25.125,
                "font_size_bin_end": 29.0625,
                "font_size_bin_center": 27.09375,
                "stats": {
                    "count": 1469,
                    "mean": 1.2887137282095806,
                    "std": 0.21963323631819956,
                    "min": 0.5607512887474897,
                    "25%": 1.1519340567089442,
                    "50%": 1.2982900387792347,
                    "75%": 1.420079223142144,
                    "max": 2.731005549909185
                }
            },
            {
                "font_size_bin_start": 29.0625,
                "font_size_bin_end": 33.0,
                "font_size_bin_center": 31.03125,
                "stats": {
                    "count": 252,
                    "mean": 1.4026134441085962,
                    "std": 0.5055345419550022,
                    "min": 0.47523574302277605,
                    "25%": 1.1531192958650602,
                    "50%": 1.3047681685406398,
                    "75%": 1.4321219799179654,
                    "max": 3.8668693462087993
                }
            }
        ]
    },
    "inter_line": {
        "relative_vertical_spacing": {
            "count": 19800,
            "mean": 1.9832953648424732,
            "std": 2.222306668582829,
            "min": 0.0,
            "25%": 0.7147368421052623,
            "50%": 1.858377192982456,
            "75%": 2.539027777777778,
            "max": 115.925
        },
        "line_alignment_left_normalized": {
            "count": 774,
            "mean": 0.38209319626030097,
            "std": 0.2774803209430168,
            "min": 0.00024249422632794459,
            "25%": 0.126,
            "50%": 0.33268949517815444,
            "75%": 0.5923748200203792,
            "max": 0.9711435406698565
        },
        "line_alignment_right_normalized": {
            "count": 774,
            "mean": 0.607298138342463,
            "std": 0.2683575659024324,
            "min": 0.01584049665711557,
            "25%": 0.40412239312521664,
            "50%": 0.6693457497612225,
            "75%": 0.8456953331390715,
            "max": 0.9975437665782493
        },
        "line_alignment_center_normalized": {
            "count": 774,
            "mean": 0.494695667301382,
            "std": 0.25071922567201976,
            "min": 0.011879178605539636,
            "25%": 0.27046962674896846,
            "50%": 0.4968572877421212,
            "75%": 0.6793763567548112,
            "max": 0.9719497607655503
        }
    },
    "page_level": {
        "aspect_ratio": {
            "count": 20,
            "mean": 2.1276455165283568,
            "std": 0.416548597365033,
            "min": 1.5961049957662998,
            "25%": 1.833924172512536,
            "50%": 1.9389335021574372,
            "75%": 2.3634056525258513,
            "max": 2.9612244897959186
        },
        "character_density": {
            "count": 20,
            "mean": 0.00047008059934336763,
            "std": 0.0002123538105172268,