{
    "intra_line": {
        "rhs_with_font_size": {
            "count": 19654,
            "mean": 8.87658659193765,
            "std": 8.124750655780057,
            "min": 0.21802569592053775,
            "25%": 1.3252930051875693,
            "50%": 3.660252998010319,
            "75%": 16.5,
            "max": 32.0
        },
        "vertical_baseline_jitter": {
            "count": 19654,
            "mean": 0.0017365642748868942,
            "std": 1.1541531811865737,
            "min": -15.113205573674291,
            "25%": -0.19349152935314182,
            "50%": -0.0020525320006419805,
            "75%": 0.19185957991144287,
            "max": 18.954254241312448
        },
        "intra_line_font_size_cv": {
            "count": 650,
            "mean": 0.12363104454575753,
            "std": 0.12622730468995852,
            "min": 0.0,
            "25%": 0.0434917044679068,
            "50%": 0.07980486581674405,
            "75%": 0.1444725999836069,
            "max": 0.9367769320431428
        },
        "local_writing_angle_rad": {
            "count": 19654,
            "mean": 0.008903802020556097,
            "std": 2.046039931225429,
            "min": -3.141338394759778,
            "25%": -1.5399467792369523,
            "50%": 0.0020976878451582238,
            "75%": 1.6065518012588198,
            "max": 3.141592653589793
        },
        "binned_rhs_by_font_size": [
            {
                "font_size_bin_start": 1.5,
                "font_size_bin_end": 5.3125,
                "font_size_bin_center": 3.40625,
                "stats": {
                    "count": 845,
                    "mean": 2.738631436454309,
                    "std": 2.5411222627722156,
                    "min": 0.39315124473230834,
                    "25%": 1.2805061499266788,
                    "50%": 2.2344336816184573,
                    "75%": 3.1741820993761536,
                    "max": 23.821311886627843
                }
            },
            {
                "font_size_bin_start": 5.3125,
                "font_size_bin_end": 9.125,
                "font_size_bin_center": 7.21875,
                "stats": {
                    "count": 1282,
                    "mean": 2.472361690434349,
                    "std": 1.3989367484042377,
                    "min": 0.42141003755617173,
                    "25%": 1.5065833246385654,
                    "50%": 2.37217483917813,
                    "75%": 3.0784894938167287,
                    "max": 14.282789660054943
                }
            },
            {
                "font_size_bin_start": 9.125,
                "font_size_bin_end": 12.9375,
                "font_size_bin_center": 11.03125,
                "stats": {
                    "count": 1688,
                    "mean": 1.9207728671501534,
                    "std": 0.8091845210244798,
                    "min": 0.3664183401523507,
                    "25%": 1.321528873436755,
                    "50%": 1.7582685518024985,
                    "75%": 2.3900387289909464,
                    "max": 7.782288416654834
                }
            },
            {
                "font_size_bin_start": 12.9375,
                "font_size_bin_end": 16.75,
                "font_size_bin_center": 14.84375,
                "stats": {
                    "count": 6368,
                    "mean": 1.4993301488805764,
                    "std": 0.5485488858331358,
                    "min": 0.21802569592053775,
                    "25%": 1.1326147744350796,
                    "50%": 1.3340941698511088,
                    "75%": 1.8362635278809634,
                    "max": 7.582431104470824
                }
            },
            {
                "font_size_bin_start": 16.75,
                "font_size_bin_end": 20.5625,
                "font_size_bin_center": 18.65625,
                "stats": {
                    "count": 6308,
                    "mean": 1.3619518738589185,
                    "std": 0.4220995648452138,
                    "min": 0.31042954112004667,
                    "25%": 1.0707318983569618,
                    "50%": 1.216697710404048,
                    "75%": 1.6744470176784263,
                    "max": 3.7151655902963254
                }
            },
            {
                "font_size_bin_start": 20.5625,
                "font_size_bin_end": 24.375,
                "font_size_bin_center": 22.46875,
                "stats": {
                    "count": 2415,
                    "mean": 1.3239949069303476,
                    "std": 0.37021332234591847,
                    "min": 0.5113471111246736,
                    "25%": 1.0598141253673456,
                    "50%": 1.2236757613224303,
                    "75%": 1.5416150047985921,
                    "max": 3.586932898024019
                }
            },
            {
                "font_size_bin_start": 24.375,
                "font_size_bin_end": 28.1875,
                "font_size_bin_center": 26.28125,
                "stats": {
                    "count": 723,
                    "mean": 1.3231790064594382,
                    "std": 0.4031489367503764,
                    "min": 0.6219212811924022,
                    "25%": 1.0820808126217805,
                    "50%": 1.2092454506840216,
                    "75%": 1.412972559328895,
                    "max": 3.129721422894211
                }
            },
            {
                "font_size_bin_start": 28.1875,
                "font_size_bin_end": 32.0,
                "font_size_bin_center": 30.09375,
                "stats": {
                    "count": 25,
                    "mean": 1.9742789965781002,
                    "std": 0.6801661740658574,
                    "min": 0.5072741377019433,
                    "25%": 1.7337730458259593,
                    "50%": 2.0181916127584794,
                    "75%": 2.0557508762317784,
                    "max": 3.7803721892016124
                }
            }
        ]
    },
    "inter_line": {
        "relative_vertical_spacing": {
            "count": 19545,
            "mean": 2.5598558810275986,
            "std": 2.798457438064349,
            "min": 0.0,
            "25%": 1.3727777777777799,
            "50%": 2.116250000000001,
            "75%": 3.0300000000000002,
            "max": 75.51
        },
        "line_alignment_left_normalized": {
            "count": 655,
            "mean": 0.3641068029318591,
            "std": 0.2754318052615541,
            "min": 0.0008857299070530345,
            "25%": 0.09884452160493826,
            "50%": 0.3127563434132777,
            "75%": 0.6071417604912999,
            "max": 0.9667129186602871
        },
        "line_alignment_right_normalized": {
            "count": 655,
            "mean": 0.6323980698178394,
            "std": 0.25905196271877917,
            "min": 0.0047457627118644066,
            "25%": 0.4295989065372108,
            "50%": 0.6441738299904489,
            "75%": 0.8638706933219906,
            "max": 0.9929922279792746
        },
        "line_alignment_center_normalized": {
            "count": 655,
            "mean": 0.4982524363748494,
            "std": 0.24812284726263933,
            "min": 0.0047457627118644066,
            "25%": 0.3035801280864134,
            "50%": 0.49863860032804813,
            "75%": 0.7158392311068351,
            "max": 0.9730478468899522
        }
    },
    "page_level": {
        "aspect_ratio": {
            "count": 20,
            "mean": 2.1276455165283568,
            "std": 0.416548597365033,
            "min": 1.5961049957662998,
            "25%": 1.833924172512536,
            "50%": 1.9389335021574372,
            "75%": 2.3634056525258513,
            "max": 2.9612244897959186
        },
        "character_density": {
            "count": 20,
            "mean": 0.0004505013095676993,
            "std": 0.00018409248091450214,