{
    "intra_line": {
        "rhs_with_font_size": {
            "count": 19913,
            "mean": 9.062102557667249,
            "std": 8.52366128446889,
            "min": 0.1337041323415321,
            "25%": 1.373952094577635,
            "50%": 3.8200821684586455,
            "75%": 17.0,
            "max": 35.5
        },
        "vertical_baseline_jitter": {
            "count": 19913,
            "mean": -0.17973084090869285,
            "std": 1.5198168619684715,
            "min": -43.91677186315948,
            "25%": -0.29797681423270067,
            "50%": 0.0008311004018039963,
            "75%": 0.2708651494077392,
            "max": 6.404565330239255
        },
        "intra_line_font_size_cv": {
            "count": 716,
            "mean": 0.1290614085010359,
            "std": 0.12808652751575264,
            "min": 0.0,
            "25%": 0.058088746878872694,
            "50%": 0.08887314439576549,
            "75%": 0.13856406460551016,
            "max": 0.7811903919277595
        },
        "local_writing_angle_rad": {
            "count": 19913,
            "mean": 0.007752569453714472,
            "std": 1.9506887874194279,
            "min": -3.141314334643459,
            "25%": -1.595490482754563,
            "50%": -0.0010162598127415935,
            "75%": 1.543812324741043,
            "max": 3.141592653589793
        },
        "binned_rhs_by_font_size": [
            {
                "font_size_bin_start": 1.0,
                "font_size_bin_end": 5.3125,
                "font_size_bin_center": 3.15625,
                "stats": {
                    "count": 1216,
                    "mean": 3.2198738799291227,
                    "std": 1.1765096163139426,
                    "min": 0.6845743022555151,
                    "25%": 2.5071545624472598,
                    "50%": 3.2497246034981155,
                    "75%": 3.8618619654327357,
                    "max": 17.69614929864685
                }
            },
            {
                "font_size_bin_start": 5.3125,
                "font_size_bin_end": 9.625,
                "font_size_bin_center": 7.46875,
                "stats": {
                    "count": 1531,
                    "mean": 2.8991417379600386,
                    "std": 0.9839603815618695,
                    "min": 0.6050150521238308,
                    "25%": 2.1471606744577136,
                    "50%": 2.8515997793826426,
                    "75%": 3.735248083865482,
                    "max": 7.666466441086666
                }
            },
            {
                "font_size_bin_start": 9.625,
                "font_size_bin_end": 13.9375,
                "font_size_bin_center": 11.78125,
                "stats": {
                    "count": 1284,
                    "mean": 1.7761262557131443,
                    "std": 0.6299437537777715,
                    "min": 0.5846818729548413,
                    "25%": 1.373205475689515,
                    "50%": 1.6726230250939413,
                    "75%": 1.9800184542941235,
                    "max": 5.827699452388758
                }
            },
            {
                "font_size_bin_start": 13.9375,
                "font_size_bin_end": 18.25,
                "font_size_bin_center": 16.09375,
                "stats": {
                    "count": 8328,
                    "mean": 1.4000677376992108,
                    "std": 0.45789801740769054,
                    "min": 0.1337041323415321,
                    "25%": 1.0772197275608755,
                    "50%": 1.310251409882021,
                    "75%": 1.574857277249161,
                    "max": 4.8050666777660656
                }
            },
            {
                "font_size_bin_start": 18.25,
                "font_size_bin_end": 22.5625,
                "font_size_bin_center": 20.40625,
                "stats": {
                    "count": 5347,
                    "mean": 1.315846569046672,
                    "std": 0.29163145627714443,
                    "min": 0.45611503814173093,
                    "25%": 1.151783871256495,
                    "50%": 1.2965141146324453,
                    "75%": 1.4360538184937437,
                    "max": 5.379364320607707
                }
            },
            {
                "font_size_bin_start": 22.5625,
                "font_size_bin_end": 26.875,
                "font_size_bin_center": 24.71875,
                "stats": {
                    "count": 1466,
                    "mean": 1.3659405965336497,
                    "std": 0.3669796703102138,
                    "min": 0.3654682116741115,
                    "25%": 1.096687331808426,
                    "50%": 1.2908367022671903,
                    "75%": 1.60855992376889,
                    "max": 3.5625309603005824
                }
            },
            {
                "font_size_bin_start": 26.875,
                "font_size_bin_end": 31.1875,
                "font_size_bin_center": 29.03125,
                "stats": {
                    "count": 650,
                    "mean": 1.2980088690576919,
                    "std": 0.4204466915681359,
                    "min": 0.21972099420984953,
                    "25%": 0.985761661691291,
                    "50%": 1.2864150669478458,
                    "75%": 1.5708161044320033,
                    "max": 3.155886001439488
                }
            },
            {
                "font_size_bin_start": 31.1875,
                "font_size_bin_end": 35.5,
                "font_size_bin_center": 33.34375,
                "stats": {
                    "count": 91,
                    "mean": 1.0497506247485913,
                    "std": 0.28992816009110095,
                    "min": 0.4790322544740045,
                    "25%": 0.7741772007330187,
                    "50%": 1.1479155925469733,
                    "75%": 1.3103276985876295,
                    "max": 1.497101423824533
                }
            }
        ]
    },
    "inter_line": {
        "relative_vertical_spacing": {
            "count": 19652,
            "mean": 1.8827564131184005,
            "std": 2.060063333620081,
            "min": 0.0,
            "25%": 0.3622023809523812,
            "50%": 1.4408124999999985,
            "75%": 2.480000000000001,
            "max": 30.09999999999991
        },
        "line_alignment_left_normalized": {
            "count": 716,
            "mean": 0.3959553559211913,
            "std": 0.27352065650626944,
            "min": 0.007771863117870723,
            "25%": 0.16116853182680985,
            "50%": 0.3721250197943775,
            "75%": 0.6380891476496817,
            "max": 0.9756041552761072
        },
        "line_alignment_right_normalized": {
            "count": 716,
            "mean": 0.5972675356833583,
            "std": 0.291685629924649,
            "min": 0.05303310238645112,
            "25%": 0.30562485882169227,
            "50%": 0.6440594151764751,
            "75%": 0.8631095728341733,
            "max": 0.9984615384615385
        },
        "line_alignment_center_normalized": {
            "count": 716,
            "mean": 0.4966114458022749,
            "std": 0.2669654924759492,
            "min": 0.048974849644614536,
            "25%": 0.24557522461344003,
            "50%": 0.5137706205047885,
            "75%": 0.7160686728395061,
            "max": 0.976667577911427
        }
    },
    "page_level": {
        "aspect_ratio": {
            "count": 20,
            "mean": 2.1276455165283568,
            "std": 0.416548597365033,
            "min": 1.5961049957662998,
            "25%": 1.833924172512536,
            "50%": 1.9389335021574372,
            "75%": 2.3634056525258513,
            "max": 2.9612244897959186
        },
        "character_density": {
            "count": 20,
            "mean": 0.0004535749078121283,
            "std": 0.00016704870194381556,