{
    "intra_line": {
        "rhs_with_font_size": {
            "count": 16520,
            "mean": 9.674328079978277,
            "std": 9.309931606867016,
            "min": 0.2113082663597273,
            "25%": 1.3453683972303163,
            "50%": 3.584915753750697,
            "75%": 17.5,
            "max": 38.5
        },
        "vertical_baseline_jitter": {
            "count": 16520,
            "mean": -0.11976763640483118,
            "std": 1.3516698291616116,
            "min": -24.657872809965596,
            "25%": -0.31525547615773375,
            "50%": 0.002742642297516181,
            "75%": 0.3209013891693819,
            "max": 16.45731353467818
        },
        "intra_line_font_size_cv": {
            "count": 631,
            "mean": 0.12831607176821422,
            "std": 0.11548523611587624,
            "min": 0.0,
            "25%": 0.05492726753882076,
            "50%": 0.10049875621120889,
            "75%": 0.1554717628577782,
            "max": 0.7285177592350172
        },
        "local_writing_angle_rad": {
            "count": 16520,
            "mean": -0.1325656779609515,
            "std": 2.0209128331470767,
            "min": -3.1411515420171687,
            "25%": -1.7508545952659584,
            "50%": -0.0030615402714958585,
            "75%": 1.4075742520593182,
            "max": 3.141592653589793
        },
        "binned_rhs_by_font_size": [
            {
                "font_size_bin_start": 1.0,
                "font_size_bin_end": 5.6875,
                "font_size_bin_center": 3.34375,
                "stats": {
                    "count": 1084,
                    "mean": 2.7702679719449645,
                    "std": 0.9841759260619957,
                    "min": 0.8308694241576063,
                    "25%": 1.8774517304047484,
                    "50%": 2.8375000000000057,
                    "75%": 3.5459624927514155,
                    "max": 7.601252791481151
                }
            },
            {
                "font_size_bin_start": 5.6875,
                "font_size_bin_end": 10.375,
                "font_size_bin_center": 8.03125,
                "stats": {
                    "count": 818,
                    "mean": 2.6613275791397872,
                    "std": 0.9421672598244889,
                    "min": 0.575417239922466,
                    "25%": 2.092330594642833,
                    "50%": 2.500873604009178,
                    "75%": 3.491307245852319,
                    "max": 6.898902408200152
                }
            },
            {
                "font_size_bin_start": 10.375,
                "font_size_bin_end": 15.0625,
                "font_size_bin_center": 12.71875,
                "stats": {
                    "count": 4085,
                    "mean": 1.5155055295551791,
                    "std": 0.6887635849862294,
                    "min": 0.2605683552709238,
                    "25%": 1.1198071262498703,
                    "50%": 1.3061398955980017,
                    "75%": 1.6531208550002139,
                    "max": 5.132958124815672
                }
            },
            {
                "font_size_bin_start": 15.0625,
                "font_size_bin_end": 19.75,
                "font_size_bin_center": 17.40625,
                "stats": {
                    "count": 4536,
                    "mean": 1.5213039825605164,
                    "std": 0.6023214372671823,
                    "min": 0.26220593647931817,
                    "25%": 1.1048305758813486,
                    "50%": 1.3719522759584883,
                    "75%": 1.8004554863635722,
                    "max": 4.693825107074453
                }
            },
            {
                "font_size_bin_start": 19.75,
                "font_size_bin_end": 24.4375,
                "font_size_bin_center": 22.09375,
                "stats": {
                    "count": 3262,
                    "mean": 1.6070702398873415,
                    "std": 0.5812651856998037,
                    "min": 0.4799586042034795,
                    "25%": 1.1924834031721572,
                    "50%": 1.3649409362793312,
                    "75%": 1.9947112860081804,
                    "max": 4.89501040995627
                }
            },
            {
                "font_size_bin_start": 24.4375,
                "font_size_bin_end": 29.125,
                "font_size_bin_center": 26.78125,
                "stats": {
                    "count": 2197,
                    "mean": 1.226866092607377,
                    "std": 0.3226970953016336,
                    "min": 0.2113082663597273,
                    "25%": 1.0493758407607958,
                    "50%": 1.1824926215414693,
                    "75%": 1.3250560318731064,
                    "max": 3.5241983805828947
                }
            },
            {
                "font_size_bin_start": 29.125,
                "font_size_bin_end": 33.8125,
                "font_size_bin_center": 31.46875,
                "stats": {
                    "count": 489,
                    "mean": 1.019704508376343,
                    "std": 0.28882731386718397,
                    "min": 0.22742275856015637,
                    "25%": 0.8563343713500912,
                    "50%": 0.9824185915700585,
                    "75%": 1.0948475604828287,
                    "max": 3.016864058084328
                }
            },
            {
                "font_size_bin_start": 33.8125,
                "font_size_bin_end": 38.5,
                "font_size_bin_center": 36.15625,
                "stats": {
                    "count": 49,
                    "mean": 0.8278558257806665,
                    "std": 0.14086589511316266,
                    "min": 0.6686167446203574,
                    "25%": 0.7312351520854513,
                    "50%": 0.8072184836333112,
                    "75%": 0.8606655657393194,
                    "max": 1.5164109478072747
                }
            }
        ]
    },
    "inter_line": {
        "relative_vertical_spacing": {
            "count": 16366,
            "mean": 2.165116790671705,
            "std": 2.7089750638865975,
            "min": 0.00043478260869525673,
            "25%": 0.6639560439560429,
            "50%": 1.772386363636363,
            "75%": 2.7712888198757737,
            "max": 94.8225
        },
        "line_alignment_left_normalized": {
            "count": 632,
            "mean": 0.3635553417452208,
            "std": 0.2448073838619449,
            "min": 0.013354188390684741,
            "25%": 0.1823707787732598,
            "50%": 0.29819423512569987,
            "75%": 0.5476280823248697,
            "max": 0.9869770773638968
        },
        "line_alignment_right_normalized": {
            "count": 632,
            "mean": 0.5975799996619829,
            "std": 0.2783937163133327,
            "min": 0.07320289238621863,
            "25%": 0.349642433074266,
            "50%": 0.6205505255579553,
            "75%": 0.8388066648441772,
            "max": 0.9969727891156464
        },
        "line_alignment_center_normalized": {
            "count": 632,
            "mean": 0.48056767070360196,
            "std": 0.24222706469764946,
            "min": 0.04751807741386644,
            "25%": 0.29047594677584443,
            "50%": 0.4678643426657454,
            "75%": 0.6934067369375012,
            "max": 0.9869770773638968
        }
    },
    "page_level": {
        "aspect_ratio": {
            "count": 20,
            "mean": 2.1276455165283568,
            "std": 0.416548597365033,
            "min": 1.5961049957662998,
            "25%": 1.833924172512536,
            "50%": 1.9389335021574372,
            "75%": 2.3634056525258513,
            "max": 2.9612244897959186
        },
        "character_density": {
            "count": 20,
            "mean": 0.00038108875849347486,
            "std": 0.0001629372612584666,