{
    "intra_line": {
        "rhs_with_font_size": {
            "count": 18953,
            "mean": 9.412888610658836,
            "std": 8.697865226283284,
            "min": 0.36223396178810596,
            "25%": 1.2797954754248275,
            "50%": 4.5,
            "75%": 17.0,
            "max": 42.19130834662511
        },
        "vertical_baseline_jitter": {
            "count": 18953,
            "mean": -0.0003639395373548675,
            "std": 0.4893702127469644,
            "min": -7.763555482965031,
            "25%": -0.15956549585053534,
            "50%": 8.205908122167165e-05,
            "75%": 0.16958408229135902,
            "max": 8.28308189306437
        },
        "intra_line_font_size_cv": {
            "count": 706,
            "mean": 0.08366541700258873,
            "std": 0.06036481399373809,
            "min": 0.0,
            "25%": 0.04097599319847349,
            "50%": 0.06686946884646823,
            "75%": 0.1094087481100865,
            "max": 0.3487587318781058
        },
        "local_writing_angle_rad": {
            "count": 18953,
            "mean": -0.062254962454324186,
            "std": 1.9894093529191172,
            "min": -3.141383361001807,
            "25%": -1.6571257567348683,
            "50%": 0.0010578275320867725,
            "75%": 1.4744386821425042,
            "max": 3.141592653589793
        },
        "binned_rhs_by_font_size": [
            {
                "font_size_bin_start": 1.0,
                "font_size_bin_end": 5.0625,
                "font_size_bin_center": 3.03125,
                "stats": {
                    "count": 635,
                    "mean": 6.734973453391548,
                    "std": 6.9142082298027265,
                    "min": 1.0173298383513434,
                    "25%": 2.5188876635785866,
                    "50%": 4.255794167955025,
                    "75%": 8.548736514624498,
                    "max": 42.19130834662511
                }
            },
            {
                "font_size_bin_start": 5.0625,
                "font_size_bin_end": 9.125,
                "font_size_bin_center": 7.09375,
                "stats": {
                    "count": 941,
                    "mean": 2.9130528923848056,
                    "std": 1.3647804609004888,
                    "min": 0.9943223436476215,
                    "25%": 1.7148213448922192,
                    "50%": 2.763302611426084,
                    "75%": 3.818955635422956,
                    "max": 10.537269707688102
                }
            },
            {
                "font_size_bin_start": 9.125,
                "font_size_bin_end": 13.1875,
                "font_size_bin_center": 11.15625,
                "stats": {
                    "count": 1228,
                    "mean": 2.093556332970281,
                    "std": 0.8645307616752245,
                    "min": 0.9229705066864343,
                    "25%": 1.5067475797789336,
                    "50%": 1.8012001554519173,
                    "75%": 2.3535654050676404,
                    "max": 6.906115840325872
                }
            },
            {
                "font_size_bin_start": 13.1875,
                "font_size_bin_end": 17.25,
                "font_size_bin_center": 15.21875,
                "stats": {
                    "count": 7337,
                    "mean": 1.4319607591016656,
                    "std": 0.4216754522920366,
                    "min": 0.43156451879677693,
                    "25%": 1.162570534605917,
                    "50%": 1.3611537737226385,
                    "75%": 1.603855648484755,
                    "max": 5.0246843571401545
                }
            },
            {
                "font_size_bin_start": 17.25,
                "font_size_bin_end": 21.3125,
                "font_size_bin_center": 19.28125,
                "stats": {
                    "count": 5138,
                    "mean": 1.2121962646422717,
                    "std": 0.43712263471531027,
                    "min": 0.5321524687530844,
                    "25%": 0.9420509884834414,
                    "50%": 1.0769932749879652,
                    "75%": 1.3525865407744024,
                    "max": 3.9938769461795567
                }
            },
            {
                "font_size_bin_start": 21.3125,
                "font_size_bin_end": 25.375,
                "font_size_bin_center": 23.34375,
                "stats": {
                    "count": 2391,
                    "mean": 1.1382109756726748,
                    "std": 0.4122206062117572,
                    "min": 0.5533211957615657,
                    "25%": 0.9413746103569981,
                    "50%": 1.022133134022812,
                    "75%": 1.1541261925312671,
                    "max": 8.71758983568336
                }
            },
            {
                "font_size_bin_start": 25.375,
                "font_size_bin_end": 29.4375,
                "font_size_bin_center": 27.40625,
                "stats": {
                    "count": 1094,
                    "mean": 1.2278131831592476,
                    "std": 0.4320084215321277,
                    "min": 0.36223396178810596,
                    "25%": 0.9944490719180271,
                    "50%": 1.139415465732441,
                    "75%": 1.3816456583813141,
                    "max": 3.689807653694421
                }
            },
            {
                "font_size_bin_start": 29.4375,
                "font_size_bin_end": 33.5,
                "font_size_bin_center": 31.46875,
                "stats": {
                    "count": 189,
                    "mean": 1.3250106964980244,
                    "std": 0.31151266366403696,
                    "min": 0.4998008740817345,
                    "25%": 1.1985777650877016,
                    "50%": 1.363429703195418,
                    "75%": 1.5448263592785292,
                    "max": 1.9381162576018136
                }
            }
        ]
    },
    "inter_line": {
        "relative_vertical_spacing": {
            "count": 18951,
            "mean": 1.9599981914851428,
            "std": 2.3209047250380133,
            "min": 0.0,
            "25%": 0.4653939393939402,
            "50%": 1.7544999999999988,
            "75%": 2.6812698412698426,
            "max": 70.99999999999996
        },
        "line_alignment_left_normalized": {
            "count": 709,
            "mean": 0.3905587601269942,
            "std": 0.27139257835284075,
            "min": 0.0028896604938271606,
            "25%": 0.1494299617657282,
            "50%": 0.33509777777777777,
            "75%": 0.6126740179186768,
            "max": 0.9722471295790049
        },
        "line_alignment_right_normalized": {
            "count": 709,
            "mean": 0.6025529731656707,
            "std": 0.27129966759160173,
            "min": 0.015686728395061727,
            "25%": 0.3853784013605442,
            "50%": 0.6494521019986217,
            "75%": 0.8324355300859598,
            "max": 0.9981555555555555
        },
        "line_alignment_center_normalized": {
            "count": 709,
            "mean": 0.49655586664633244,
            "std": 0.25457064272438906,
            "min": 0.015686728395061727,
            "25%": 0.2777917093142272,
            "50%": 0.5166577777777778,
            "75%": 0.6897683858643744,
            "max": 0.9726271186440678
        }
    },
    "page_level": {
        "aspect_ratio": {
            "count": 20,
            "mean": 2.1276455165283568,
            "std": 0.416548597365033,
            "min": 1.5961049957662998,
            "25%": 1.833924172512536,
            "50%": 1.9389335021574372,
            "75%": 2.3634056525258513,
            "max": 2.9612244897959186
        },
        "character_density": {
            "count": 20,
            "mean": 0.0004546947247393545,
            "std": 0.00018594211342653764,