{
    "intra_line": {
        "rhs_with_font_size": {
            "count": 16907,
            "mean": 9.133751155760914,
            "std": 8.541174746702211,
            "min": 0.08312734959085355,
            "25%": 1.356630177162196,
            "50%": 3.5,
            "75%": 17.0,
            "max": 33.5
        },
        "vertical_baseline_jitter": {
            "count": 16907,
            "mean": -0.14896981344731747,
            "std": 1.2065010602595694,
            "min": -24.568723628928666,
            "25%": -0.23639802776248736,
            "50%": -0.000867407508427398,
            "75%": 0.24565994140175332,
            "max": 4.025000893267176
        },
        "intra_line_font_size_cv": {
            "count": 598,
            "mean": 0.1293309281671229,
            "std": 0.1289560417842863,
            "min": 0.0,
            "25%": 0.056582920892137484,
            "50%": 0.08927068125308352,
            "75%": 0.14847742742276962,
            "max": 1.292023211707838
        },
        "local_writing_angle_rad": {
            "count": 16907,
            "mean": 0.09875785815046488,
            "std": 2.0526414526139645,
            "min": -3.141397302937853,
            "25%": -1.466694347110817,
            "50%": 0.00040866364704962403,
            "75%": 1.7251190403340462,
            "max": 3.141592653589793
        },
        "binned_rhs_by_font_size": [
            {
                "font_size_bin_start": 1.0,
                "font_size_bin_end": 5.0625,
                "font_size_bin_center": 3.03125,
                "stats": {
                    "count": 1186,
                    "mean": 2.889579412855284,
                    "std": 1.1152912167333067,
                    "min": 0.5609135405746616,
                    "25%": 2.1365767136636777,
                    "50%": 2.9090187561197967,
                    "75%": 3.629741357105723,
                    "max": 7.426750568047927
                }
            },
            {
                "font_size_bin_start": 5.0625,
                "font_size_bin_end": 9.125,
                "font_size_bin_center": 7.09375,
                "stats": {
                    "count": 828,
                    "mean": 2.145595731480928,
                    "std": 0.7983527058223853,
                    "min": 0.6864765108872916,
                    "25%": 1.581005015647996,
                    "50%": 1.9206545921898743,
                    "75%": 2.687404253770835,
                    "max": 6.750172472045951
                }
            },
            {
                "font_size_bin_start": 9.125,
                "font_size_bin_end": 13.1875,
                "font_size_bin_center": 11.15625,
                "stats": {
                    "count": 1249,
                    "mean": 1.99306142291449,
                    "std": 0.8506238713676945,
                    "min": 0.6214563540587434,
                    "25%": 1.2730827329637362,
                    "50%": 1.6876644624653538,
                    "75%": 2.727510805247836,
                    "max": 5.119914699544511
                }
            },
            {
                "font_size_bin_start": 13.1875,
                "font_size_bin_end": 17.25,
                "font_size_bin_center": 15.21875,
                "stats": {
                    "count": 5619,
                    "mean": 1.2885321621363712,
                    "std": 0.5137773921444446,
                    "min": 0.08312734959085355,
                    "25%": 1.008766846010603,
                    "50%": 1.1565244499490108,
                    "75%": 1.3737308888955106,
                    "max": 5.4124233900467305
                }
            },
            {
                "font_size_bin_start": 17.25,
                "font_size_bin_end": 21.3125,
                "font_size_bin_center": 19.28125,
                "stats": {
                    "count": 4574,
                    "mean": 1.4903814465128196,
                    "std": 0.5177577622343735,
                    "min": 0.5236130589475028,
                    "25%": 1.1201456378525085,
                    "50%": 1.3587159651720826,
                    "75%": 1.8487829249454104,
                    "max": 3.884154114552557
                }
            },
            {
                "font_size_bin_start": 21.3125,
                "font_size_bin_end": 25.375,
                "font_size_bin_center": 23.34375,
                "stats": {
                    "count": 2785,
                    "mean": 1.7847867399162873,
                    "std": 0.6891178390876441,
                    "min": 0.3605377999685515,
                    "25%": 1.1381153164409257,
                    "50%": 1.7753935032674018,
                    "75%": 2.15335553250798,
                    "max": 5.330271827965243
                }
            },
            {
                "font_size_bin_start": 25.375,
                "font_size_bin_end": 29.4375,
                "font_size_bin_center": 27.40625,
                "stats": {
                    "count": 569,
                    "mean": 1.4594086346088173,
                    "std": 0.5670094890817062,
                    "min": 0.47670590588963935,
                    "25%": 1.0741311054429556,
                    "50%": 1.2645173898142543,
                    "75%": 1.5630179141647758,
                    "max": 3.8283988730322354
                }
            },
            {
                "font_size_bin_start": 29.4375,
                "font_size_bin_end": 33.5,
                "font_size_bin_center": 31.46875,
                "stats": {
                    "count": 97,
                    "mean": 1.5456894351917487,
                    "std": 0.6449062830029746,
                    "min": 0.5737092919911294,
                    "25%": 1.1464438853707317,
                    "50%": 1.360095684147755,
                    "75%": 1.8634140037837181,
                    "max": 3.8548893355990854
                }
            }
        ]
    },
    "inter_line": {
        "relative_vertical_spacing": {
            "count": 16730,
            "mean": 2.189774443468153,
            "std": 2.035249017492586,
            "min": 0.0,
            "25%": 1.0376249999999994,
            "50%": 1.8492368421052632,
            "75%": 2.8918125,
            "max": 65.09499999999997
        },
        "line_alignment_left_normalized": {
            "count": 598,
            "mean": 0.33649778315879453,
            "std": 0.28019670824390747,
            "min": 0.001384909264565425,
            "25%": 0.10361479031355636,
            "50%": 0.2474022135821669,
            "75%": 0.5313420619760162,
            "max": 0.986786368633199
        },
        "line_alignment_right_normalized": {
            "count": 598,
            "mean": 0.5924520224581391,
            "std": 0.3005717159425503,
            "min": 0.02478510028653295,
            "25%": 0.304576816127911,
            "50%": 0.6109372385111818,
            "75%": 0.8880616172754422,
            "max": 0.9999653579676674
        },
        "line_alignment_center_normalized": {
            "count": 598,
            "mean": 0.46447490280846676,
            "std": 0.2619419253952933,
            "min": 0.013085004775549188,
            "25%": 0.2099668526410747,
            "50%": 0.47851769051321924,
            "75%": 0.6703150720352612,
            "max": 0.9911157933308905
        }
    },
    "page_level": {
        "aspect_ratio": {
            "count": 20,
            "mean": 2.1276455165283568,
            "std": 0.416548597365033,
            "min": 1.5961049957662998,
            "25%": 1.833924172512536,
            "50%": 1.9389335021574372,
            "75%": 2.3634056525258513,
            "max": 2.9612244897959186
        },
        "character_density": {
            "count": 20,
            "mean": 0.00037501906787745624,
            "std": 0.0001475300251008746,
            "min": 7.398081695863738e-05,