{
    "intra_line": {
        "rhs_with_font_size": {
            "count": 16502,
            "mean": 9.277346487351865,
            "std": 8.609308635939428,
            "min": 0.1115476579763188,
            "25%": 1.4024242323513731,
            "50%": 3.5,
            "75%": 17.0,
            "max": 35.5
        },
        "vertical_baseline_jitter": {
            "count": 16502,
            "mean": -0.08142763765271632,
            "std": 1.4314232908912383,
            "min": -34.964103258936774,
            "25%": -0.20853478195346237,
            "50%": -0.0023007482185635458,
            "75%": 0.19999675205661477,
            "max": 10.846491932424438
        },
        "intra_line_font_size_cv": {
            "count": 597,
            "mean": 0.11878132369092302,
            "std": 0.12355275903110223,
            "min": 0.0,
            "25%": 0.03929965216653227,
            "50%": 0.07894475777589546,
            "75%": 0.14119461836882802,
            "max": 1.1292305292459013
        },
        "local_writing_angle_rad": {
            "count": 16502,
            "mean": -0.040219866806912384,
            "std": 1.9855563756092405,
            "min": -3.141288424819137,
            "25%": -1.5911242865531898,
            "50%": -0.002602218585496318,
            "75%": 1.5504202679384518,
            "max": 3.141592653589793
        },
        "binned_rhs_by_font_size": [
            {
                "font_size_bin_start": 1.0,
                "font_size_bin_end": 5.3125,
                "font_size_bin_center": 3.15625,
                "stats": {
                    "count": 801,
                    "mean": 2.5650997421046298,
                    "std": 1.1891232973764523,
                    "min": 0.34026133747131454,
                    "25%": 1.617507727956788,
                    "50%": 2.276982652546975,
                    "75%": 3.3802911117238983,
                    "max": 10.353212061964133
                }
            },
            {
                "font_size_bin_start": 5.3125,
                "font_size_bin_end": 9.625,
                "font_size_bin_center": 7.46875,
                "stats": {
                    "count": 720,
                    "mean": 2.4743931516914635,
                    "std": 0.8487630531131708,
                    "min": 0.253514189828604,
                    "25%": 1.87952949195035,
                    "50%": 2.3260848974459627,
                    "75%": 3.164547536554172,
                    "max": 6.12946234595817
                }
            },
            {
                "font_size_bin_start": 9.625,
                "font_size_bin_end": 13.9375,
                "font_size_bin_center": 11.78125,
                "stats": {
                    "count": 1331,
                    "mean": 1.8191656763878457,
                    "std": 0.7528147226664346,
                    "min": 0.1115476579763188,
                    "25%": 1.2419820959366563,
                    "50%": 1.7872808344144036,
                    "75%": 2.4390397325173105,
                    "max": 6.6586648061003855
                }
            },
            {
                "font_size_bin_start": 13.9375,
                "font_size_bin_end": 18.25,
                "font_size_bin_center": 16.09375,
                "stats": {
                    "count": 7118,
                    "mean": 1.6096197928202882,
                    "std": 0.6887100064042687,
                    "min": 0.23740495174092724,
                    "25%": 1.1402161166021232,
                    "50%": 1.4423418083317947,
                    "75%": 1.815672816276214,
                    "max": 4.661913912389467
                }
            },
            {
                "font_size_bin_start": 18.25,
                "font_size_bin_end": 22.5625,
                "font_size_bin_center": 20.40625,
                "stats": {
                    "count": 4602,
                    "mean": 1.3298927375588563,
                    "std": 0.4071739330394905,
                    "min": 0.39401078665437517,
                    "25%": 1.0710203175046646,
                    "50%": 1.269824804121709,
                    "75%": 1.5135755190078348,
                    "max": 4.8731242715741425
                }
            },
            {
                "font_size_bin_start": 22.5625,
                "font_size_bin_end": 26.875,
                "font_size_bin_center": 24.71875,
                "stats": {
                    "count": 1063,
                    "mean": 1.4618139191072357,
                    "std": 0.6591786232815195,
                    "min": 0.26054496839424507,
                    "25%": 1.0796291011836552,
                    "50%": 1.2430732340006214,
                    "75%": 1.5403862492700928,
                    "max": 7.277748533794007
                }
            },
            {
                "font_size_bin_start": 26.875,
                "font_size_bin_end": 31.1875,
                "font_size_bin_center": 29.03125,
                "stats": {
                    "count": 862,
                    "mean": 1.3103612964738278,
                    "std": 0.539978490692643,
                    "min": 0.4021006702053498,
                    "25%": 0.9605708630789621,
                    "50%": 1.1082124787031318,
                    "75%": 1.5119191023003904,
                    "max": 3.871995334940339
                }
            },
            {
                "font_size_bin_start": 31.1875,
                "font_size_bin_end": 35.5,
                "font_size_bin_center": 33.34375,
                "stats": {
                    "count": 5,
                    "mean": 1.3292587065916888,
                    "std": 0.3784408135475315,
                    "min": 0.9175668402083895,
                    "25%": 0.935810404559198,
                    "50%": 1.255379675706722,
                    "75%": 1.7687683062420667,
                    "max": 1.7687683062420667
                }
            }
        ]
    },
    "inter_line": {
        "relative_vertical_spacing": {
            "count": 16222,
            "mean": 1.7859430344820109,
            "std": 2.277537343734945,
            "min": 0.0,
            "25%": 0.23777777777777626,
            "50%": 1.2007777777777777,
            "75%": 2.6798611111111112,
            "max": 67.59
        },
        "line_alignment_left_normalized": {
            "count": 597,
            "mean": 0.3952783439901734,
            "std": 0.2715024768854059,
            "min": 0.006672773909857091,
            "25%": 0.13428325292901447,
            "50%": 0.3955057351407716,
            "75%": 0.6270333598093725,
            "max": 0.9707407407407407
        },
        "line_alignment_right_normalized": {
            "count": 597,
            "mean": 0.6271565016620722,
            "std": 0.28164513541858194,
            "min": 0.01285604311008468,
            "25%": 0.4209697601668405,
            "50%": 0.6422794959908362,
            "75%": 0.9094360603653694,
            "max": 0.9915762538382804
        },
        "line_alignment_center_normalized": {
            "count": 597,
            "mean": 0.5112174228261227,
            "std": 0.2562712869893341,
            "min": 0.009875412238915353,
            "25%": 0.2904135079255686,
            "50%": 0.5385527328714396,
            "75%": 0.7144355555555556,
            "max": 0.9715393518518518
        }
    },
    "page_level": {
        "aspect_ratio": {
            "count": 20,
            "mean": 2.1276455165283568,
            "std": 0.416548597365033,
            "min": 1.5961049957662998,
            "25%": 1.833924172512536,
            "50%": 1.9389335021574372,
            "75%": 2.3634056525258513,
            "max": 2.9612244897959186
        },
        "character_density": {
            "count": 20,
            "mean": 0.0004108880067433906,
            "std": 0.0001638889536849356,
            "min": 0.00018418446873161878,